member,bytes,sha256,extracted
Consultry_Handover_Paket_2026-08-26/00_START_HIER/Consultry_Handover_Final.html,33685,70a4b9d390aa19a2ecf54c79b60b7e8a782aa834285a9841ae69bf4e4588de3a,archive/handover-2026-08-26/00_START_HIER/Consultry_Handover_Final.html
Consultry_Handover_Paket_2026-08-26/00_START_HIER/Consultry_Handover_Final.md,24818,558e59ceca390d7ff75e36ebc722a25a2db8ac9359ab044296313b22d54eb075,archive/handover-2026-08-26/00_START_HIER/Consultry_Handover_Final.md
Consultry_Handover_Paket_2026-08-26/00_START_HIER/README.txt,1539,17309a0aefe92872255170fe3e690a996af9155bcd8532d196b256c5294ae855,archive/handover-2026-08-26/00_START_HIER/README.txt
Consultry_Handover_Paket_2026-08-26/03_Messaging_und_Vertrieb/Consultry_Messaging_Memo_3_Ideen.html,19844,cc26e79976ff6a282f7d087e80a567f1c4a9111659adb76c2b54135b5c860450,archive/handover-2026-08-26/03_Messaging_und_Vertrieb/Consultry_Messaging_Memo_3_Ideen.html
Consultry_Handover_Paket_2026-08-26/03_Messaging_und_Vertrieb/Consultry_BSS_Kurzpitch.html,147888,3d7fb96baa51486b5483626998d0a37f457e0c414f8fe362a5b196ab81f2225c,archive/handover-2026-08-26/03_Messaging_und_Vertrieb/Consultry_BSS_Kurzpitch.html
Consultry_Handover_Paket_2026-08-26/03_Messaging_und_Vertrieb/Consultry_Fragebogen_Krallmann_VP.html,22385,4ac3b99cbbb43bcd7c124cb709cfbf1821be23c5466e6687fc94c5f4531ba041,archive/handover-2026-08-26/03_Messaging_und_Vertrieb/Consultry_Fragebogen_Krallmann_VP.html
Consultry_Handover_Paket_2026-08-26/03_Messaging_und_Vertrieb/Consultry_Kernsaetze_Zahlenkarte.pdf,5287,fde8585594354b37308cde4bf2d0e7c77d7dae0cd5072b2d4c60760b92187d70,
Consultry_Handover_Paket_2026-08-26/02_Reviews_und_QA/Consultry_Deck_Grill_Angels.md,9423,3b045fb71e6733a744d3a3b8a5dcdf5c3cd81ce25de5d00ac2043e94da8a8a82,archive/handover-2026-08-26/02_Reviews_und_QA/Consultry_Deck_Grill_Angels.md
Consultry_Handover_Paket_2026-08-26/02_Reviews_und_QA/Consultry_PPT_Investor_Abgleich.html,25641,c6e9c3ab80347ba48869ce6c5154cfad0f62723d8b9c269e9a19f32baf88bb15,archive/handover-2026-08-26/02_Reviews_und_QA/Consultry_PPT_Investor_Abgleich.html
Consultry_Handover_Paket_2026-08-26/02_Reviews_und_QA/Consultry_Deck_Grill_Website.html,23184,c727fb47a4cd498446ec32539ca2771753876917667788d88af7cc0e2582e72e,archive/handover-2026-08-26/02_Reviews_und_QA/Consultry_Deck_Grill_Website.html
Consultry_Handover_Paket_2026-08-26/02_Reviews_und_QA/Consultry_Deck_Sprachpass.html,18336,53a0d6d4e79ef3d559f2619d735e38a5e32e7de2d387c199e81dc1785747a254,archive/handover-2026-08-26/02_Reviews_und_QA/Consultry_Deck_Sprachpass.html
Consultry_Handover_Paket_2026-08-26/02_Reviews_und_QA/Consultry_Deck_Grill_v2.html,33104,e248f4dfe097f1069d7b7aaec7ab945dd6465107662a394dcc3fe3b6a4192ad6,archive/handover-2026-08-26/02_Reviews_und_QA/Consultry_Deck_Grill_v2.html
Consultry_Handover_Paket_2026-08-26/02_Reviews_und_QA/Consultry_Deck_Grill_v3.html,24947,b73c32af40e5e3861b0b38544fb4285fc84535786f1fc2a2a8e199c0c22ac5a0,archive/handover-2026-08-26/02_Reviews_und_QA/Consultry_Deck_Grill_v3.html
Consultry_Handover_Paket_2026-08-26/05_Grundlagen_Architektur_Markt/Consultry_Datengrenze_Architektur.md,22039,47d6a93b5f2a76a3691ffc9b26e9d7e43eb339c1e33802bd1fc622f928e31513,archive/handover-2026-08-26/05_Grundlagen_Architektur_Markt/Consultry_Datengrenze_Architektur.md
Consultry_Handover_Paket_2026-08-26/05_Grundlagen_Architektur_Markt/Consultry_Bauplan_und_Preisueberschlag.md,28139,8431765062fbc1d667a66a616cfc247492638d1140888756ff1391cf28a3dce9,archive/handover-2026-08-26/05_Grundlagen_Architektur_Markt/Consultry_Bauplan_und_Preisueberschlag.md
Consultry_Handover_Paket_2026-08-26/05_Grundlagen_Architektur_Markt/Consultry_Vision_geschaerft.md,24468,f6af7955ea5b6c4c4a4bd78517a2efc70736ecfe56ffdfc2cc4eac901dea37a2,archive/handover-2026-08-26/05_Grundlagen_Architektur_Markt/Consultry_Vision_geschaerft.md
Consultry_Handover_Paket_2026-08-26/05_Grundlagen_Architektur_Markt/Consultry_Datengrenze_Visual.html,43623,c776511dcad3e32240c02168384252bc052955957735d5d4ce40b8047d1beb6d,archive/handover-2026-08-26/05_Grundlagen_Architektur_Markt/Consultry_Datengrenze_Visual.html
Consultry_Handover_Paket_2026-08-26/05_Grundlagen_Architektur_Markt/Consultry_Marktvalidierung_Betriebsmodell.md,11537,e369016ddabf3bf1ec879c918dd75a6bb0180c8518ca1db03e4d9ea1c0b7675f,archive/handover-2026-08-26/05_Grundlagen_Architektur_Markt/Consultry_Marktvalidierung_Betriebsmodell.md
Consultry_Handover_Paket_2026-08-26/05_Grundlagen_Architektur_Markt/Consultry_Handover_Datengrenze.md,8939,dbf12c4fd3e140feb609048d3931a0af2c812efd6504ff10da92f0d7ab24b518,archive/handover-2026-08-26/05_Grundlagen_Architektur_Markt/Consultry_Handover_Datengrenze.md
Consultry_Handover_Paket_2026-08-26/91_Werkzeuge_Playwright/f9only.js,552,2492493d294781fc2804f7ad5c027d5b7e05cb953c13616f6018d12a61456569,
Consultry_Handover_Paket_2026-08-26/91_Werkzeuge_Playwright/allshots.js,1160,a40061c20e58289575666117737ad426b022253555c67f0b0c70b7c024fa59c3,
Consultry_Handover_Paket_2026-08-26/91_Werkzeuge_Playwright/v2.js,2631,91c1fbc65399baefb0e25c150af2f9cf34febe9a72f42358c4c6f09c9a192da7,
Consultry_Handover_Paket_2026-08-26/91_Werkzeuge_Playwright/grillshot.js,819,efbaa68bf9219be429881ae9fe20856312ebfdc49158de7c106bdabe042413f9,
Consultry_Handover_Paket_2026-08-26/91_Werkzeuge_Playwright/motionshots.js,771,4af34b689e1e2137d536ebc7d09378780012bc05126886a115a0f3bcba5f36d8,
Consultry_Handover_Paket_2026-08-26/91_Werkzeuge_Playwright/fixshots.js,1426,27f81cb03be8531dd86c70bb2d6624601b73e96ae8441dbaa7b2180ea4df6ff6,
Consultry_Handover_Paket_2026-08-26/91_Werkzeuge_Playwright/drei.js,795,7c2b800db6c013583290e3483d76cc88d6a0c37d1c8f799a157c79309ce86eff,
Consultry_Handover_Paket_2026-08-26/91_Werkzeuge_Playwright/archshot.js,838,c98935f39a1d735384a5872933b31446453e6b860f7267ae5b73e4d54adcd2d1,
Consultry_Handover_Paket_2026-08-26/91_Werkzeuge_Playwright/handovershot.js,1580,d3e9eaab3f74b3e670794548bd3e442b4c4d8562cd9110fc58f141a904a9e227,
Consultry_Handover_Paket_2026-08-26/91_Werkzeuge_Playwright/back_s3.js,1074,c96392c9aff607ee1c32505049a2130152ccd5b17fada9262e309dbfdcf076ec,
Consultry_Handover_Paket_2026-08-26/91_Werkzeuge_Playwright/abgleichshot.js,1504,6db5b7caafa4fc2576a532772e1e1e3df3741e2b42199046d2a1a15ed18a411b,
Consultry_Handover_Paket_2026-08-26/91_Werkzeuge_Playwright/s2shot.js,732,e87af06eed3497cd1d6a1f9550613144c30c170896c361f097b30b27e7780b84,
Consultry_Handover_Paket_2026-08-26/91_Werkzeuge_Playwright/hubshot.js,3025,c75b900894ff574155168234e80deb027d54aafcc33aa647198392dca65ac1a6,
Consultry_Handover_Paket_2026-08-26/91_Werkzeuge_Playwright/verify_s3.js,4523,98cc67c0b3340de3697e1a8db39756682ef3879d02abd90b4ad550956c730c87,
Consultry_Handover_Paket_2026-08-26/91_Werkzeuge_Playwright/smoke_s3.js,1795,f067b067a7771eb8bf7bfb97233e4a2a7903dd93f0af6005e7cde6947221c8b1,
Consultry_Handover_Paket_2026-08-26/91_Werkzeuge_Playwright/vboth.js,1942,0dbad8daa4a67bfc5e81deecec8ff298f6991b50a5fedbd15eb8781f68a0af5e,
Consultry_Handover_Paket_2026-08-26/91_Werkzeuge_Playwright/colorcheck.js,862,b10a544c70ad0ba47b87417021256170a0a171154af14630ee4b806f893a7f19,
Consultry_Handover_Paket_2026-08-26/04_LinkedIn/Consultry_LinkedIn_Masterplan.md,9227,d0d4e34f532273b28576b9392d52ef5b55e5076b48293b6ddb99ce5d45c9cb97,
Consultry_Handover_Paket_2026-08-26/04_LinkedIn/Consultry_LinkedIn_Engagement_Playbook.md,7803,e1dda5e75626d4fc23923f97e82ee669f8000506bf7e5f99cbccc960baafe721,
Consultry_Handover_Paket_2026-08-26/04_LinkedIn/Consultry_LinkedIn_Woche1.md,5470,268d0c5dd60edb063a2ccf0849aa091f854f11eaf9cef4a3f3d1ae676a5fad9b,
Consultry_Handover_Paket_2026-08-26/04_LinkedIn/Consultry_LinkedIn_Hub.html,38838,d6143851572147a7f19361d2923726c8c4723bf4245925e8acf61e1c9205df1e,
Consultry_Handover_Paket_2026-08-26/04_LinkedIn/Consultry_LinkedIn_Posts_W2-6.md,14945,e8434ccc8fb0e8b7b0ff3b07c2987d0a0eaf404bd351f6f980250884edb4fdf9,
Consultry_Handover_Paket_2026-08-26/04_LinkedIn/Consultry_LinkedIn_Woche1_Julian.md,5834,8c04e422a2500cafc245279d81768ed5cadf9cd7f2b4ec4cdeeb47c203995fb2,
Consultry_Handover_Paket_2026-08-26/90_Records_Archiv/v8_extract.txt,20326,45cd3b1b2024b5e6c89010a3bc955a8e835c54c552d3b84b99bd0092ac5a9a14,
Consultry_Handover_Paket_2026-08-26/90_Records_Archiv/geprueft_keine_quelle/ppt_dump.md,1921,b599d7a93503854d582374f1e83042ee2751fa9108cc86b092a614c3aa27b2e5,
Consultry_Handover_Paket_2026-08-26/90_Records_Archiv/geprueft_keine_quelle/Beautiful_Autosaved.pptx,3935977,1cfdf08fdd2a2312a2354b016091def0663d3ed397ee1be49cb9c6104d728cee,
Consultry_Handover_Paket_2026-08-26/90_Records_Archiv/Consultry_Pitch_Deep_Report.pdf,14589,086ab857c12a5744b262e29994b55bc5aeda2324321e80d479e1f5575eac4a30,
Consultry_Handover_Paket_2026-08-26/90_Records_Archiv/Consultry_Handover_Pitch.md,7864,63ca9300da049a1994490670c30d2701e51ed859a73e0f925df394c47a4a74fc,
Consultry_Handover_Paket_2026-08-26/90_Records_Archiv/transkript_roh.txt,33557,f99ca940cba6fd5d9f88a723ebbdf078e8860767dd54d192fe68522ce9b334a9,
Consultry_Handover_Paket_2026-08-26/90_Records_Archiv/Consultry_Deck_Review.md,19474,94da0c0b8df7b7e07442cbc1462575f7a29ffb30bf8f42bfdaed76dcc4d1ce17,
Consultry_Handover_Paket_2026-08-26/90_Records_Archiv/Consultry_Pitch_Rohtranskript.txt,33746,5a54af39004c1fbb35db93b5e54cab72d89564466990ee297067fcccf1a58047,
Consultry_Handover_Paket_2026-08-26/90_Records_Archiv/Consultry_Pitch_Highlight_Report.pdf,15228,cd522e33f2168fe0b28fc1429c92bcf04ff9e9cb7b414300d6b7dfac9db551e9,
Consultry_Handover_Paket_2026-08-26/90_Records_Archiv/Consultry_Pitch_Transkript.pdf,19892,a61b81908499a0f5daa59d529a12b387d4950501ad88ea3d95bc2fc3f9822870,
Consultry_Handover_Paket_2026-08-26/90_Records_Archiv/v8_cover_raw.html,4765,dffeb197971c1297eac039d2e29079a2823849f472f919d5bb33aef35c9cc9a4,
Consultry_Handover_Paket_2026-08-26/90_Records_Archiv/deck_notes_v10.txt,30001,398d16d53f4597eaa7f60bafcd9d98b1c508a9ab654e35f1a1dea4df6178559f,
Consultry_Handover_Paket_2026-08-26/90_Records_Archiv/deck_text_v10.txt,13129,4c5121c124e320811542005bf6ced0f6c1622903d6d0fd9aa65ad6c5f6972f62,
Consultry_Handover_Paket_2026-08-26/01_Deck_fuehrend/Consultry_Pitchdeck_v10.html,855916,4a84b76ccea0c5153701dd9ba35730a6c013a9ec91d1fdab15922176a432f136,archive/handover-2026-08-26/01_Deck_fuehrend/Consultry_Pitchdeck_v10.html
Consultry_Handover_Paket_2026-08-26/01_Deck_fuehrend/deck_text_aktuell.txt,13690,2b4d7e30f8435b4bc6a1041ceaeba7bcd8c9c7db9470f3292fafc0c28b0ee151,archive/handover-2026-08-26/01_Deck_fuehrend/deck_text_aktuell.txt
Consultry_Handover_Paket_2026-08-26/01_Deck_fuehrend/deck_notes_v10_neu.txt,27612,d0a16788f86eb2fb7b7d9bb3b30510175cce8b2a7df18e846e7f84d7b7eeedbc,archive/handover-2026-08-26/01_Deck_fuehrend/deck_notes_v10_neu.txt
